Vendor_ID,Name,Category,Cost_Tier,Rating,Response_Time,Success_Rate,Description
857746ff,NextGen Technologies Global,L&D,Medium,4.0,8,81,"Micro-learning platforms designed for the modern, mobile workforce. Scalable solutions for growing teams. We are leaders in L&D services."
0b7bc76b,Smart Works Corp.,Recruitment,High,3.7,1,98,Specializing in rapid talent acquisition for Tech sectors. Proven track record of success. We are leaders in Recruitment services.
e78348fb,Dynamic Hub Tech,L&D,High,4.4,1,93,Customized training modules focusing on Global skills. Proven track record of success. We are leaders in L&D services.
415187d5,Innovative Services Corp.,DEI,High,4.2,1,87,Strategic consulting to build inclusive cultures and diverse teams. Scalable solutions for growing teams. We are leaders in DEI services.
f2d67532,Innovative Labs Tech,Recruitment,Medium,4.1,8,89,End-to-end RPO solutions with a focus on Enterprise roles. Trusted by Fortune 500 companies. We are leaders in Recruitment services.
c908fc5e,Strategic HR LLC,Recruitment,Medium,3.9,12,75,Executive search firm dedicated to finding top-tier leadership in APAC. Award-winning service delivery. We are leaders in Recruitment services.
5269e194,Strategic Services Global,Benefits,High,4.3,15,87,"Holistic wellness programs combining physical, mental, and financial health. Trusted by Fortune 500 companies. We are leaders in Benefits services."
ea2ff060,Secure Solutions Tech,Benefits,High,3.8,1,97,Flexible benefits administration tailored to Startup workforce needs. Scalable solutions for growing teams. We are leaders in Benefits services.
ac86d5eb,Smart Technologies Corp.,Benefits,High,3.4,3,99,Flexible benefits administration tailored to Remote workforce needs. Award-winning service delivery. We are leaders in Benefits services.
420103af,Core Staffing Corp.,L&D,Medium,3.1,16,74,"Micro-learning platforms designed for the modern, mobile workforce. Proven track record of success. We are leaders in L&D services."
68c2f47f,Secure Staffing Inc.,Payroll,Medium,4.1,4,83,Cloud-native payroll engine designed for Enterprise businesses. Trusted by Fortune 500 companies. We are leaders in Payroll services.
fea2d09d,Rapid Hub Corp.,L&D,Low,3.0,28,69,Customized training modules focusing on Startup skills. Trusted by Fortune 500 companies. We are leaders in L&D services.
1f8b0b9a,Dynamic Systems Inc.,L&D,Medium,4.0,21,88,"Micro-learning platforms designed for the modern, mobile workforce. Scalable solutions for growing teams. We are leaders in L&D services."
3ec0ed39,Trusted HR Corp.,Recruitment,High,3.9,2,87,Specializing in rapid talent acquisition for Tech sectors. Trusted by Fortune 500 companies. We are leaders in Recruitment services.
647e61e3,People Systems Inc.,Payroll,High,3.9,1,90,Seamless integration with major accounting software for streamlined operations. Award-winning service delivery. We are leaders in Payroll services.
bd4b6c2c,Elite Connect Tech,Recruitment,Low,3.0,25,62,Executive search firm dedicated to finding top-tier leadership in LATAM. Award-winning service delivery. We are leaders in Recruitment services.
54c514f4,Secure Associates Inc.,DEI,Medium,3.0,11,80,Empowering underrepresented talent through mentorship and pipeline programs. Trusted by Fortune 500 companies. We are leaders in DEI services.
97016109,Elite Solutions Inc.,DEI,High,3.9,1,94,Empowering underrepresented talent through mentorship and pipeline programs. Trusted by Fortune 500 companies. We are leaders in DEI services.
7d90d02c,Smart Services Global,DEI,Medium,3.1,8,77,Data-driven DEI audits and roadmap development for Retail companies. Scalable solutions for growing teams. We are leaders in DEI services.
696735b0,NextGen Group Corp.,DEI,High,4.1,1,95,Unconscious bias training and inclusive leadership workshops. Best-in-class support available 24/7. We are leaders in DEI services.
5c537020,Prime Labs Corp.,Payroll,High,4.3,1,100,Automated payroll processing ensuring 100% compliance with APAC laws. Award-winning service delivery. We are leaders in Payroll services.
2abda39b,Rapid Works Tech,Payroll,Low,3.2,15,66,Automated payroll processing ensuring 100% compliance with APAC laws. Award-winning service delivery. We are leaders in Payroll services.
aaeb1236,Rapid Labs Global,L&D,Low,3.2,19,70,Customized training modules focusing on Hybrid skills. Scalable solutions for growing teams. We are leaders in L&D services.
ebc72741,Rapid Systems Tech,DEI,Low,3.3,18,67,Unconscious bias training and inclusive leadership workshops. Trusted by Fortune 500 companies. We are leaders in DEI services.
ec5b3323,Secure Hub Tech,Recruitment,Low,3.4,24,69,End-to-end RPO solutions with a focus on Remote roles. Trusted by Fortune 500 companies. We are leaders in Recruitment services.
bc9a97ba,Smart Systems Corp.,Payroll,High,4.1,2,91,Automated payroll processing ensuring 100% compliance with North America laws. Best-in-class support available 24/7. We are leaders in Payroll services.
5c3635a4,Adaptive Solutions Tech,Payroll,High,3.0,1,95,Seamless integration with major accounting software for streamlined operations. Best-in-class support available 24/7. We are leaders in Payroll services.
7261d781,Strategic Services LLC,DEI,High,4.6,7,86,Data-driven DEI audits and roadmap development for Retail companies. Award-winning service delivery. We are leaders in DEI services.
92a6957a,Rapid Labs Inc.,Payroll,Low,3.3,27,71,Automated payroll processing ensuring 100% compliance with LATAM laws. Scalable solutions for growing teams. We are leaders in Payroll services.
a1670cef,Trusted HR Global,Payroll,High,3.7,10,97,Automated payroll processing ensuring 100% compliance with EMEA laws. Best-in-class support available 24/7. We are leaders in Payroll services.
0b685dd4,Smart Connect LLC,DEI,Low,3.1,18,72,Unconscious bias training and inclusive leadership workshops. Scalable solutions for growing teams. We are leaders in DEI services.
b5933148,Adaptive Labs Tech,DEI,Low,3.7,22,69,Unconscious bias training and inclusive leadership workshops. Scalable solutions for growing teams. We are leaders in DEI services.
fb6370cb,People Solutions Global,DEI,Low,3.4,26,61,Strategic consulting to build inclusive cultures and diverse teams. Trusted by Fortune 500 companies. We are leaders in DEI services.
0d206de9,Core HR Corp.,L&D,Low,3.5,10,87,"Micro-learning platforms designed for the modern, mobile workforce. Scalable solutions for growing teams. We are leaders in L&D services."
4b184c8b,Prime Works Tech,L&D,Low,3.9,19,72,Leadership development programs for high-potential managers. Trusted by Fortune 500 companies. We are leaders in L&D services.
86d7765e,Global Partners Global,Benefits,High,4.5,2,94,Flexible benefits administration tailored to Enterprise workforce needs. Proven track record of success. We are leaders in Benefits services.
f890d704,Rapid HR Global,Payroll,Low,3.1,23,68,Automated payroll processing ensuring 100% compliance with LATAM laws. Trusted by Fortune 500 companies. We are leaders in Payroll services.
f929b404,Prime Staffing Corp.,Benefits,High,4.6,1,78,Flexible benefits administration tailored to Enterprise workforce needs. Best-in-class support available 24/7. We are leaders in Benefits services.
6ff06c4f,Dynamic Associates Inc.,Recruitment,Low,3.0,16,73,End-to-end RPO solutions with a focus on Enterprise roles. Scalable solutions for growing teams. We are leaders in Recruitment services.
c7d18408,Adaptive Partners Global,Payroll,Medium,4.3,9,86,Seamless integration with major accounting software for streamlined operations. Scalable solutions for growing teams. We are leaders in Payroll services.
ec1c06c7,Dynamic Technologies Tech,Recruitment,High,3.8,1,98,AI-driven staffing platform reducing time-to-hire by 40%. Best-in-class support available 24/7. We are leaders in Recruitment services.
9f54c32e,Dynamic Labs Corp.,DEI,Medium,3.8,9,82,Unconscious bias training and inclusive leadership workshops. Trusted by Fortune 500 companies. We are leaders in DEI services.
c0cba64a,Elite Technologies Global,Recruitment,Medium,3.7,5,89,End-to-end RPO solutions with a focus on Startup roles. Best-in-class support available 24/7. We are leaders in Recruitment services.
dae1d605,Adaptive Staffing LLC,L&D,Medium,3.7,12,80,Leadership development programs for high-potential managers. Award-winning service delivery. We are leaders in L&D services.
ce73c34b,Global Systems LLC,Payroll,High,4.1,1,87,Global payroll solutions supporting over 50 currencies and tax regimes. Best-in-class support available 24/7. We are leaders in Payroll services.
07422b8e,Dynamic Technologies Tech,DEI,Low,3.7,27,68,Unconscious bias training and inclusive leadership workshops. Best-in-class support available 24/7. We are leaders in DEI services.
cc60b26b,Trusted Labs Tech,DEI,High,4.7,1,93,Empowering underrepresented talent through mentorship and pipeline programs. Award-winning service delivery. We are leaders in DEI services.
2713ea54,Strategic Systems Inc.,Payroll,High,4.2,3,95,Seamless integration with major accounting software for streamlined operations. Proven track record of success. We are leaders in Payroll services.
f1c5dac2,Innovative Technologies LLC,Benefits,Medium,3.2,20,80,Simplified insurance enrollment platforms for better employee engagement. Best-in-class support available 24/7. We are leaders in Benefits services.
a96c6c21,Adaptive Labs LLC,Benefits,Low,3.5,14,72,Flexible benefits administration tailored to Remote workforce needs. Scalable solutions for growing teams. We are leaders in Benefits services.
f0cc6fcd,Elite Consulting LLC,L&D,Low,3.5,26,72,Comprehensive Learning Management System (LMS) for continuous employee growth. Proven track record of success. We are leaders in L&D services.
814e3793,Dynamic Systems Tech,Recruitment,Low,3.2,23,73,End-to-end RPO solutions with a focus on Enterprise roles. Trusted by Fortune 500 companies. We are leaders in Recruitment services.
300d6c46,Prime Works Inc.,L&D,High,4.5,5,92,"Micro-learning platforms designed for the modern, mobile workforce. Trusted by Fortune 500 companies. We are leaders in L&D services."
825ec75a,Rapid Staffing Global,Payroll,High,5.0,7,93,Cloud-native payroll engine designed for Global businesses. Best-in-class support available 24/7. We are leaders in Payroll services.
2b699498,Smart HR Global,Payroll,Medium,4.1,15,87,Global payroll solutions supporting over 50 currencies and tax regimes. Best-in-class support available 24/7. We are leaders in Payroll services.
6fd7a98a,Innovative Services Tech,Payroll,Low,3.1,20,64,Automated payroll processing ensuring 100% compliance with LATAM laws. Proven track record of success. We are leaders in Payroll services.
3a79476c,Prime HR Global,L&D,Low,3.9,31,71,Comprehensive Learning Management System (LMS) for continuous employee growth. Award-winning service delivery. We are leaders in L&D services.
e5816ebd,Global Services Global,L&D,High,4.3,4,81,Customized training modules focusing on Enterprise skills. Best-in-class support available 24/7. We are leaders in L&D services.
95427c49,Smart Services Corp.,L&D,Medium,3.2,14,80,Customized training modules focusing on Global skills. Best-in-class support available 24/7. We are leaders in L&D services.
c93b20b3,Dynamic Partners LLC,Benefits,Medium,3.0,26,85,Simplified insurance enrollment platforms for better employee engagement. Proven track record of success. We are leaders in Benefits services.
7dfb08a9,Global Associates Tech,L&D,Medium,3.4,11,77,Leadership development programs for high-potential managers. Award-winning service delivery. We are leaders in L&D services.
69fe6c64,Adaptive Technologies Inc.,Benefits,Low,4.0,22,64,Flexible benefits administration tailored to Remote workforce needs. Trusted by Fortune 500 companies. We are leaders in Benefits services.
ef03f35e,Dynamic Partners Inc.,L&D,Medium,4.0,10,81,Leadership development programs for high-potential managers. Award-winning service delivery. We are leaders in L&D services.
ce5d1056,Global Consulting Tech,Payroll,High,4.5,1,92,Cloud-native payroll engine designed for Enterprise businesses. Trusted by Fortune 500 companies. We are leaders in Payroll services.
fc6e3b6a,Global Systems LLC,Payroll,High,4.5,2,90,Automated payroll processing ensuring 100% compliance with APAC laws. Trusted by Fortune 500 companies. We are leaders in Payroll services.
dfa4830e,Dynamic Services Inc.,DEI,High,4.8,1,96,Data-driven DEI audits and roadmap development for Retail companies. Award-winning service delivery. We are leaders in DEI services.
2d733074,Core Hub Tech,Benefits,High,4.8,1,88,Simplified insurance enrollment platforms for better employee engagement. Award-winning service delivery. We are leaders in Benefits services.
9eafc857,Smart Services Global,L&D,High,4.3,1,92,Comprehensive Learning Management System (LMS) for continuous employee growth. Trusted by Fortune 500 companies. We are leaders in L&D services.
d8eb0f6f,Core Group LLC,Payroll,High,4.4,8,89,Global payroll solutions supporting over 50 currencies and tax regimes. Scalable solutions for growing teams. We are leaders in Payroll services.
8c888b1c,Innovative Works Global,Payroll,Medium,3.6,13,67,Seamless integration with major accounting software for streamlined operations. Best-in-class support available 24/7. We are leaders in Payroll services.
0ae58c43,Core Services LLC,L&D,High,4.4,1,93,Customized training modules focusing on Enterprise skills. Proven track record of success. We are leaders in L&D services.
e615905e,Dynamic Consulting Global,DEI,Low,3.8,32,72,Strategic consulting to build inclusive cultures and diverse teams. Proven track record of success. We are leaders in DEI services.
47fbf0df,Global Labs LLC,L&D,Low,3.0,20,74,"Micro-learning platforms designed for the modern, mobile workforce. Scalable solutions for growing teams. We are leaders in L&D services."
b24467c3,Dynamic Solutions Tech,Payroll,Medium,4.3,15,80,Cloud-native payroll engine designed for Global businesses. Proven track record of success. We are leaders in Payroll services.
249cf001,Strategic Connect Tech,Recruitment,Medium,3.7,15,86,End-to-end RPO solutions with a focus on Hybrid roles. Trusted by Fortune 500 companies. We are leaders in Recruitment services.
c5de0289,Adaptive Solutions Inc.,DEI,High,4.0,1,88,Data-driven DEI audits and roadmap development for Finance companies. Trusted by Fortune 500 companies. We are leaders in DEI services.
1c52c8e0,Strategic Systems Tech,Recruitment,Low,3.7,31,82,AI-driven staffing platform reducing time-to-hire by 40%. Trusted by Fortune 500 companies. We are leaders in Recruitment services.
581a245f,Dynamic Staffing Tech,Payroll,High,3.6,5,86,Automated payroll processing ensuring 100% compliance with APAC laws. Proven track record of success. We are leaders in Payroll services.
263c90b3,Smart Staffing Inc.,DEI,Medium,3.4,13,76,Strategic consulting to build inclusive cultures and diverse teams. Scalable solutions for growing teams. We are leaders in DEI services.
dec54ed5,NextGen Associates Inc.,Benefits,Medium,3.4,23,73,Retirement planning and 401(k) management solutions. Award-winning service delivery. We are leaders in Benefits services.
d197b61f,Core Partners LLC,Benefits,High,4.3,1,88,Simplified insurance enrollment platforms for better employee engagement. Trusted by Fortune 500 companies. We are leaders in Benefits services.
dc9266fd,NextGen Connect Tech,Recruitment,High,4.2,1,100,End-to-end RPO solutions with a focus on Startup roles. Best-in-class support available 24/7. We are leaders in Recruitment services.
f7478fe5,People Technologies Corp.,Benefits,Low,3.0,17,66,Simplified insurance enrollment platforms for better employee engagement. Scalable solutions for growing teams. We are leaders in Benefits services.
2f0622f5,Core HR Inc.,DEI,Low,3.4,26,72,Data-driven DEI audits and roadmap development for Healthcare companies. Trusted by Fortune 500 companies. We are leaders in DEI services.
b8b2af26,Elite Services Corp.,Payroll,Medium,3.7,14,78,Cloud-native payroll engine designed for Hybrid businesses. Proven track record of success. We are leaders in Payroll services.
daac911d,Dynamic Group Inc.,Payroll,Low,3.1,16,69,Global payroll solutions supporting over 50 currencies and tax regimes. Trusted by Fortune 500 companies. We are leaders in Payroll services.
ad22d21b,NextGen Staffing LLC,L&D,High,3.9,7,95,Leadership development programs for high-potential managers. Scalable solutions for growing teams. We are leaders in L&D services.
ec5741ea,Adaptive Solutions Inc.,Benefits,Medium,4.2,17,83,Simplified insurance enrollment platforms for better employee engagement. Best-in-class support available 24/7. We are leaders in Benefits services.
73267e44,Global Group LLC,Payroll,High,4.3,1,92,Cloud-native payroll engine designed for Startup businesses. Best-in-class support available 24/7. We are leaders in Payroll services.
5a95a26e,People Hub Tech,DEI,Medium,4.1,8,85,Empowering underrepresented talent through mentorship and pipeline programs. Proven track record of success. We are leaders in DEI services.
2e7d4e52,Elite Technologies Corp.,DEI,Medium,3.9,14,78,Strategic consulting to build inclusive cultures and diverse teams. Proven track record of success. We are leaders in DEI services.
08a4c178,NextGen Consulting Inc.,Recruitment,Medium,3.6,5,76,Executive search firm dedicated to finding top-tier leadership in EMEA. Trusted by Fortune 500 companies. We are leaders in Recruitment services.
916712f2,NextGen Associates Global,L&D,Low,3.1,16,75,"Micro-learning platforms designed for the modern, mobile workforce. Best-in-class support available 24/7. We are leaders in L&D services."
5e2bb8db,Prime Staffing Global,Recruitment,Medium,3.6,12,79,Specializing in rapid talent acquisition for Finance sectors. Scalable solutions for growing teams. We are leaders in Recruitment services.
bf374995,Prime Labs Global,Recruitment,High,4.0,4,91,End-to-end RPO solutions with a focus on Hybrid roles. Award-winning service delivery. We are leaders in Recruitment services.
bb9d474f,People Works LLC,Recruitment,High,4.3,1,97,AI-driven staffing platform reducing time-to-hire by 40%. Best-in-class support available 24/7. We are leaders in Recruitment services.
60c1c1f9,Smart HR LLC,Recruitment,High,5.0,1,98,AI-driven staffing platform reducing time-to-hire by 40%. Best-in-class support available 24/7. We are leaders in Recruitment services.
c20285f5,Strategic Group Global,DEI,High,3.8,1,88,Data-driven DEI audits and roadmap development for Healthcare companies. Award-winning service delivery. We are leaders in DEI services.
e38c98e1,Strategic Solutions Tech,Benefits,Low,3.9,20,78,Retirement planning and 401(k) management solutions. Award-winning service delivery. We are leaders in Benefits services.
7b3933d6,Rapid Systems Global,L&D,Low,3.9,24,79,"Micro-learning platforms designed for the modern, mobile workforce. Trusted by Fortune 500 companies. We are leaders in L&D services."
